﻿<?xml version="1.0" encoding="utf-8" ?>
<Defs>

  <ResearchProjectDef>
    <tab>CargoPod</tab>
    <defName>CargoPodBuild</defName>
    <label>Cargo Pod</label>
    <description>Learn to build Cargo Pod.</description>
    <baseCost>1500</baseCost>
    <techLevel>Spacer</techLevel>
    <prerequisites>
      <li>TransportPod</li>
    </prerequisites>
    <researchViewX>0</researchViewX>
    <researchViewY>1</researchViewY>
    <requiredResearchBuilding>HiTechResearchBench</requiredResearchBuilding>
    <requiredResearchFacilities>
	  <li>MultiAnalyzer</li>
    </requiredResearchFacilities>
  </ResearchProjectDef>
  

</Defs>
