﻿<?xml version="1.0" encoding="utf-8"?>
<Defs>


  <WorldObjectDef>
    <defName>TravelingHelicopters</defName>
    <label>helicopters</label>
    <description>Helicopters in flight.</description>
    <worldObjectClass>TravelingTransportPods</worldObjectClass>
    <texture>World/WorldObjects/TravelingTransportPods</texture>
    <useDynamicDrawer>true</useDynamicDrawer>
    <expandingIcon>true</expandingIcon>
    <expandingIconTexture>WorldOBJPod</expandingIconTexture>
    <expandingIconPriority>30</expandingIconPriority>
    <expandMore>true</expandMore>
    <allowCaravanIncidentsWhichGenerateMap>true</allowCaravanIncidentsWhichGenerateMap>
  </WorldObjectDef>

</Defs>
